{
	"format_version": "1.8.0",
	"animations": {
		"animation.entity_le_giant.run": {
			"loop": true,
			"animation_length": 0.5,
			"bones": {
				"Body": {
					"rotation": {
						"0.0": {
							"vector": [-12.5, 0, 0]
						},
						"0.0417": {
							"vector": [-12.5, 0, 0]
						},
						"0.0833": {
							"vector": [-12.48848, -0.54094, -2.44081]
						},
						"0.125": {
							"vector": [-12.49, -0.54, -2.44]
						},
						"0.1667": {
							"vector": [-12.49, -0.54, -2.44]
						},
						"0.2083": {
							"vector": [-12.45548, -1.08002, -4.88123]
						},
						"0.25": {
							"vector": [-12.46, -1.08, -4.88]
						},
						"0.2917": {
							"vector": [-12.49451, -0.53979, -2.43881]
						},
						"0.3333": {
							"vector": [-12.50598, 0.0014, 0.00195]
						},
						"0.375": {
							"vector": [-12.51, 0, 0]
						},
						"0.4167": {
							"vector": [-12.49501, 0.42796, 1.9284]
						},
						"0.4583": {
							"vector": [-12.47584, 0.30197, 1.36033]
						},
						"0.5": {
							"vector": [-12.5, 0, 0]
						}
					},
					"position": {
						"0.0": {
							"vector": [0, 0.25, 0]
						},
						"0.0417": {
							"vector": [0, 0, 0]
						},
						"0.0833": {
							"vector": [0, 0, 0]
						},
						"0.125": {
							"vector": [0, -0.25, 0]
						},
						"0.1667": {
							"vector": [0, -0.5, 0]
						},
						"0.3333": {
							"vector": [0, -0.75, 0]
						},
						"0.375": {
							"vector": [0, -1, 0]
						},
						"0.4167": {
							"vector": [0.25, -0.375, 0.075]
						},
						"0.4583": {
							"vector": [0.13, -0.63, 0]
						},
						"0.5": {
							"vector": [0, 0.25, 0]
						}
					}
				},
				"bone3": {
					"rotation": {
						"0.0": {
							"vector": [14.97401, 20.25437, 122.3106]
						},
						"0.0417": {
							"vector": [24.97401, 20.25437, 122.3106]
						},
						"0.0833": {
							"vector": [28.42305, 33.67657, 129.85601]
						},
						"0.125": {
							"vector": [28.42, 33.68, 129.86]
						},
						"0.1667": {
							"vector": [20.92, 33.68, 129.86]
						},
						"0.2083": {
							"vector": [17.67331, 35.33389, 124.13277]
						},
						"0.25": {
							"vector": [12.34097, 37.28064, 115.14048]
						},
						"0.5": {
							"vector": [14.97401, 20.25437, 122.3106]
						}
					},
					"position": {
						"vector": [-0.75, -0.5, 0]
					}
				},
				"bone4": {
					"rotation": {
						"0.0": {
							"vector": [14.97401, 20.25437, -122.31056]
						},
						"0.0417": {
							"vector": [24.97401, 20.25437, -122.31056]
						},
						"0.0833": {
							"vector": [23.49769, 6.56215, -128.62564]
						},
						"0.125": {
							"vector": [23.5, 6.56, -128.63]
						},
						"0.1667": {
							"vector": [16, 6.56, -128.63]
						},
						"0.2083": {
							"vector": [16.69437, 4.44625, -121.40024]
						},
						"0.25": {
							"vector": [17.11556, 2.2625, -114.21243]
						},
						"0.5": {
							"vector": [14.97401, 20.25437, -122.31056]
						}
					},
					"position": {
						"vector": [0.5, -0.25, 0]
					}
				},
				"Head": {
					"rotation": {
						"vector": [-12.5, 0, 0]
					}
				},
				"bone5": {
					"rotation": {
						"0.0": {
							"vector": [-25, 0, 0]
						},
						"0.0417": {
							"vector": [-5, 0, 0]
						},
						"0.0833": {
							"vector": [-5, 0, 0]
						},
						"0.125": {
							"vector": [0, 0, 0]
						},
						"0.25": {
							"vector": [25, 0, 0]
						},
						"0.2917": {
							"vector": [20, 0, 0]
						},
						"0.3333": {
							"vector": [17.5, 0, 0]
						},
						"0.375": {
							"vector": [0, 0, 0]
						},
						"0.4167": {
							"vector": [-10, 0, 0]
						},
						"0.4583": {
							"vector": [-20, 0, 0]
						},
						"0.5": {
							"vector": [-25, 0, 0]
						}
					},
					"position": {
						"0.0": {
							"vector": [0, 0, -1]
						},
						"0.0417": {
							"vector": [0, 0, -1.5]
						},
						"0.0833": {
							"vector": [0, 0, -1.25]
						},
						"0.125": {
							"vector": [0, 0, -0.25]
						},
						"0.25": {
							"vector": [0, 0, 1]
						},
						"0.2917": {
							"vector": [0, 0, 0.75]
						},
						"0.3333": {
							"vector": [0, 0, 0]
						},
						"0.375": {
							"vector": [0, 0, -0.25]
						},
						"0.4167": {
							"vector": [0, 0, -1.25]
						},
						"0.4583": {
							"vector": [0, 0, -1.37]
						},
						"0.5": {
							"vector": [0, 0, -1]
						}
					}
				},
				"bone6": {
					"rotation": {
						"0.0": {
							"vector": [25, 0, 0]
						},
						"0.0417": {
							"vector": [20, 0, 0]
						},
						"0.0833": {
							"vector": [17.5, 0, 0]
						},
						"0.125": {
							"vector": [0, 0, 0]
						},
						"0.1667": {
							"vector": [0, 0, 0]
						},
						"0.2083": {
							"vector": [-10, 0, 0]
						},
						"0.25": {
							"vector": [-22.5, 0, 0]
						},
						"0.2917": {
							"vector": [-30, 0, 0]
						},
						"0.375": {
							"vector": [0, 0, 0]
						},
						"0.5": {
							"vector": [25, 0, 0]
						}
					},
					"position": {
						"0.0": {
							"vector": [0, 0, 1]
						},
						"0.0417": {
							"vector": [0, 0, 0.75]
						},
						"0.0833": {
							"vector": [0, 0, 0]
						},
						"0.125": {
							"vector": [0, 0, -0.25]
						},
						"0.1667": {
							"vector": [0, 0, -1.5]
						},
						"0.2083": {
							"vector": [0, 0.3, -1.5]
						},
						"0.25": {
							"vector": [0, 0.55, -1.5]
						},
						"0.2917": {
							"vector": [0, 0.3, -1.5]
						},
						"0.3333": {
							"vector": [0, -0.7, -1.5]
						},
						"0.5": {
							"vector": [0, 0, 1]
						}
					}
				},
				"Giant": {
					"position": {
						"0.1667": {
							"vector": [0, 0, 0]
						},
						"0.2083": {
							"vector": [0, 0.5, 0]
						},
						"0.25": {
							"vector": [0, 0.75, 0]
						},
						"0.2917": {
							"vector": [0, 0, 0]
						}
					}
				}
			}
		},
		"animation.entity_le_giant.walk": {
			"loop": true,
			"animation_length": 0.5,
			"bones": {
				"Body": {
					"rotation": {
						"0.0": {
							"vector": [2.5, 0, 0]
						},
						"0.125": {
							"vector": [-2.5, 0, 0]
						},
						"0.25": {
							"vector": [2.5, 0, 0]
						},
						"0.375": {
							"vector": [-2.5, 0, 0]
						},
						"0.5": {
							"vector": [2.5, 0, 0]
						}
					},
					"position": {
						"0.0": {
							"vector": [0, 0.5, 0]
						},
						"0.125": {
							"vector": [0, 0, 0]
						},
						"0.25": {
							"vector": [0, 0.5, 0]
						},
						"0.375": {
							"vector": [0, 0, 0]
						},
						"0.5": {
							"vector": [0, 0.5, 0]
						}
					}
				},
				"bone3": {
					"rotation": {
						"0.0": {
							"vector": [-22.5, 0, 10]
						},
						"0.0417": {
							"vector": [-35, 0, 10]
						},
						"0.125": {
							"vector": [0, 0, 10]
						},
						"0.2083": {
							"vector": [20, 0, 10]
						},
						"0.25": {
							"vector": [37.5, 0, 10]
						},
						"0.375": {
							"vector": [0, 0, 10]
						},
						"0.5": {
							"vector": [-22.5, 0, 10]
						}
					}
				},
				"bone4": {
					"rotation": {
						"0.0": {
							"vector": [20, 0, -7.5]
						},
						"0.0417": {
							"vector": [32.5, 0, -7.5]
						},
						"0.125": {
							"vector": [0, 0, -10]
						},
						"0.2083": {
							"vector": [-20, 0, -10]
						},
						"0.25": {
							"vector": [-45, 0, -10]
						},
						"0.375": {
							"vector": [0, 0, -10]
						},
						"0.5": {
							"vector": [20, 0, -7.5]
						}
					}
				},
				"Head": {
					"rotation": {
						"0.0": {
							"vector": [-5, 0, 0]
						},
						"0.125": {
							"vector": [5, 0, 0]
						},
						"0.25": {
							"vector": [-5, 0, 0]
						},
						"0.375": {
							"vector": [5, 0, 0]
						},
						"0.5": {
							"vector": [-5, 0, 0]
						}
					}
				},
				"Tail": {
					"rotation": {
						"0.0": {
							"vector": [0, 0, 0]
						},
						"0.125": {
							"vector": [30, 0, 0]
						},
						"0.25": {
							"vector": [0, 0, 0]
						},
						"0.375": {
							"vector": [30, 0, 0]
						},