{
	"format_version": "1.8.0",
	"animations": {
		"animation.entity_the_crunch.idle_1": {
			"animation_length": 3,
			"bones": {
				"LeftLeg": {
					"rotation": {
						"vector": [17.5, 0, -5]
					},
					"position": {
						"vector": [0, 0, 0]
					}
				},
				"RightLeg": {
					"rotation": {
						"vector": [-7.5, 0, 7.5]
					},
					"position": {
						"vector": [0, 0, 1]
					}
				},
				"Body": {
					"rotation": {
						"0.0": {
							"vector": [17.5, 11.74, 4.34]
						},
						"0.1667": {
							"vector": [11.4864, 22.756, 2.4071]
						},
						"0.2083": {
							"vector": [11.38903, 22.876, 2.41985]
						},
						"0.25": {
							"vector": [11.09865, 23.2338, 2.45786]
						},
						"0.3333": {
							"vector": [10.2478, 24.28217, 2.56924]
						},
						"0.375": {
							"vector": [9.95742, 24.63996, 2.60725]
						},
						"0.4167": {
							"vector": [9.86, 24.76, 2.62]
						},
						"0.4583": {
							"vector": [9.82129, 24.78689, 2.64038]
						},
						"0.625": {
							"vector": [9.25243, 25.18205, 2.93987]
						},
						"0.6667": {
							"vector": [9.2137, 25.2089, 2.9602]
						}
					}
				},
				"Head": {
					"rotation": {
						"0.0": {
							"vector": [-14.7136, -10.1669, -1.3132]
						},
						"0.125": {
							"vector": [-15.0722, -14.9984, 0.0062]
						},
						"0.3333": {
							"vector": [-11.7469, 24.9011, -5.5354]
						},
						"0.7083": {
							"vector": [-14.7856, 29.7917, -6.7069]
						},
						"0.9583": {
							"vector": [-9.8024, 39.2547, 3.1945]
						},
						"1.2083": {
							"vector": [-10.1726, 41.7168, 2.6245]
						}
					},
					"position": {
						"0.0": {
							"vector": [0, 0, -4]
						},
						"0.0417": {
							"vector": [0, 0, -4]
						},
						"0.5833": {
							"vector": [0, 0, -4]
						},
						"1.125": {
							"vector": [0, 0, -4]
						},
						"1.6667": {
							"vector": [0, 0, -4]
						},
						"2.2083": {
							"vector": [0, 0, -4]
						},
						"2.7083": {
							"vector": [0, 0, -4]
						},
						"2.75": {
							"vector": [0, 0, -4]
						},
						"2.9167": {
							"vector": [0, 0, -4]
						},
						"2.9583": {
							"vector": [0, 0.3648, -4]
						},
						"3.0": {
							"vector": [0, 3.1752, -4]
						}
					}
				},
				"LeftArm": {
					"rotation": {
						"0.0": {
							"vector": [-20.8131, 12.936, -17.253]
						},
						"0.1667": {
							"vector": [-30.8131, 12.936, -17.253]
						},
						"0.2083": {
							"vector": [-9.16871, 12.93603, -17.25296]
						},
						"0.25": {
							"vector": [-12.25149, 12.93603, -17.25296]
						},
						"0.2917": {
							"vector": [-16.87461, 12.93603, -17.25296]
						},
						"0.3333": {
							"vector": [-19.95739, 12.93603, -17.25296]
						},
						"0.375": {
							"vector": [-20.81305, 12.93603, -17.25296]
						},
						"0.4167": {
							"vector": [-20.67908, 12.93603, -17.25296]
						},
						"0.4583": {
							"vector": [-20.32508, 12.93603, -17.25296]
						},
						"0.5833": {
							"vector": [-18.80102, 12.93603, -17.25296]
						},
						"0.625": {
							"vector": [-18.44702, 12.93603, -17.25296]
						},
						"0.6667": {
							"vector": [-18.3131, 12.936, -17.253]
						},
						"1.0": {
							"vector": [-20.8131, 12.936, -17.253]
						}
					},
					"position": {
						"vector": [0, 1, -8]
					}
				},
				"RightArm": {
					"rotation": {
						"vector": [-22.63717, 9.22586, 7.78807]
					},
					"position": {
						"vector": [0, 1, -5]
					}
				},
				"EntityCrunch": {
					"scale": {
						"vector": [2, 2, 2]
					}
				}
			}
		},
		"animation.entity_the_crunch.slam": {
			"animation_length": 1.5,
			"bones": {
				"LeftLeg": {
					"rotation": {
						"0.0": {
							"vector": [17.5, 0, -5]
						},
						"0.25": {
							"vector": [40, 0, -5]
						},
						"1.25": {
							"vector": [17.5, 0, -5]
						},
						"1.375": {
							"vector": [0, 0, -5]
						},
						"1.5": {
							"vector": [17.5, 0, -5]
						}
					},
					"position": {
						"0.0": {
							"vector": [0, 0, 0]
						},
						"0.25": {
							"vector": [0, 0, 4]
						},
						"1.25": {
							"vector": [0, 0, 0]
						},
						"1.5": {
							"vector": [0, 0, 0]
						}
					}
				},
				"RightLeg": {
					"rotation": {
						"vector": [-7.5, 0, 7.5]
					},
					"position": {
						"vector": [0, -1, 1]
					}
				},
				"Body": {
					"rotation": {
						"0.0": {
							"vector": [17.5, 11.74, 4.34]
						},
						"0.25": {
							"vector": [-13.547, 11.91256, -0.76546]
						},
						"0.625": {
							"vector": [-16.047, 11.91256, -0.76546]
						},
						"0.7917": {
							"vector": [-13.547, 11.91256, -0.76546]
						},
						"1.0": {
							"vector": [51.46156, 9.41298, -0.71917]
						},
						"1.25": {
							"vector": [51.46156, 9.41298, -0.71917]
						},
						"1.5": {
							"vector": [17.5, 11.74, 4.34]
						}
					},
					"position": {
						"0.625": {
							"vector": [0, 0, 0]
						},
						"0.7917": {
							"vector": [0, 5, 0]
						},
						"1.0": {
							"vector": [0, 15, 0]
						},
						"1.125": {
							"vector": [0, 1, 0]
						},
						"1.1667": {
							"vector": [0, 2.85, 0]
						},
						"1.2083": {
							"vector": [0, 2.025, 0]
						},
						"1.25": {
							"vector": [0, 1, 0]
						}
					}
				},
				"Body2": {
					"rotation": {
						"1.0": {
							"vector": [0, 0, 0]
						},
						"1.25": {
							"vector": [-20, 0, 0]
						},
						"1.5": {
							"vector": [0, 0, 0]
						}
					}
				},
				"Head": {
					"rotation": {
						"0.0": {
							"vector": [-14.7136, -10.1669, -1.3132]
						},
						"0.25": {
							"vector": [0.2864, -10.1669, -1.3132]
						},
						"1.0417": {
							"vector": [0.2864, -10.1669, -1.3132]
						},
						"1.25": {
							"vector": [12.7864, -10.1669, -1.3132]
						},
						"1.5": {
							"vector": [-14.7136, -10.1669, -1.3132]
						}
					},
					"position": {
						"0.0": {
							"vector": [0, 0, -4]
						},
						"1.5": {
							"vector": [0, 0, -4]
						}
					}
				},
				"LeftArm": {
					"rotation": {
						"0.0": {
							"vector": [-20.8131, 12.936, -17.253]
						},
						"0.25": {
							"vector": [-141.60577, -59.5597, 19.9165]
						},
						"0.5": {
							"vector": [-141.60577, -59.5597, 19.9165]
						},
						"0.75": {
							"vector": [-72.43726, -4.76804, -1.50701]
						},
						"1.25": {
							"vector": [-72.43726, -4.76804, -1.50701]
						},
						"1.5": {
							"vector": [-20.8131, 12.936, -17.253]
						}
					},
					"position": {
						"0.0": {
							"vector": [0, 1, -8]
						},
						"0.25": {
							"vector": [2, 6, 3]
						},
						"0.375": {
							"vector": [0, 1, -4]
						},
						"0.5": {
							"vector": [4, 6, -10]
						},
						"0.625": {
							"vector": [-2, 1, -4]
						},
						"0.75": {
							"vector": [-1, 2, 11]
						},
						"1.0833": {
							"vector": [-1, 2, -15]
						},
						"1.5": {
							"vector": [0, 1, -8]
						}
					}
				},
				"RightArm": {
					"rotation": {
						"0.0": {
							"vector": [-22.63717, 9.22586, 7.78807]
						},
						"0.25": {
							"vector": [-141.60577, 59.55972, -19.9165]
						},
						"0.5": {
							"vector": [-141.60577, 59.55972, -19.9165]
						},
						"0.75": {
							"vector": [-72.5, 0, 0]
						},
						"1.2917": {
							"vector": [-72.5, 0, 0]
						},
						"1.5": {
							"vector": [-22.63717, 9.22586, 7.78807]
						}
					},
					"position": {
						"0.0": {
							"vector": [0, 1, -5]
						},
						"0.25": {
							"vector": [-5, 6, 3]
						},
						"0.375": {
							"vector": [-5, 1, -4]
						},
						"0.5": {
							"vector": [-5, 6, -10]
						},
						"0.625": {
							"vector": [-5, 1, -4]
						},
						"0.75": {
							"vector": [-1, 2, 11]
						},
						"1.0833": {
							"vector": [-1, 2, -15]
						},
						"1.2917": {
							"vector": [-1, 2, -15]
						},
						"1.5": {
							"vector": [0, 1, -5]
						}
					}
				},
				"EntityCrunch": {
					"scale": {
						"vector": [2, 2, 2]
					}
				}
			}
		},