{
	"format_version": "1.8.0",
	"animations": {
		"animation.entity_le_giant.run": {
			"loop": true,
			"animation_length": 0.33333,
			"bones": {
				"Head": {
					"rotation": {
						"vector": [-5, 0, 0]
					}
				},
				"Body": {
					"rotation": {
						"0.0": {
							"vector": [5, 0, 0]
						},
						"0.0833": {
							"vector": [2.5, 0, 0]
						},
						"0.1667": {
							"vector": [5, 0, 0]
						},
						"0.25": {
							"vector": [2.5, 0, 0]
						},
						"0.3333": {
							"vector": [5, 0, 0]
						}
					}
				},
				"bone3": {
					"rotation": {
						"0.0": {
							"vector": [29.78729, -3.74196, 6.50446]
						},
						"0.0833": {
							"vector": [34.58897, -5.71617, 8.21888]
						},
						"0.1667": {
							"vector": [-14.78217, 2.57594, 9.6658]
						},
						"0.25": {
							"vector": [-32.40109, 2.68407, 4.22005]
						},
						"0.3333": {
							"vector": [29.78729, -3.74196, 6.50446]
						}
					}
				},
				"bone5": {
					"rotation": {
						"0.0": {
							"vector": [-27.5, 0, 0]
						},
						"0.0833": {
							"vector": [-35, 0, 0]
						},
						"0.1667": {
							"vector": [35, 0, 0]
						},
						"0.25": {
							"vector": [55, 0, 0]
						},
						"0.3333": {
							"vector": [-27.5, 0, 0]
						}
					}
				},
				"bone6": {
					"rotation": {
						"0.0": {
							"vector": [30, 0, 0]
						},
						"0.0833": {
							"vector": [42.5, 0, 0]
						},
						"0.1667": {
							"vector": [-25, 0, 0]
						},
						"0.25": {
							"vector": [-45, 0, 0]
						},
						"0.3333": {
							"vector": [30, 0, 0]
						}
					}
				},
				"bone4": {
					"rotation": {
						"0.0": {
							"vector": [-24.81197, -3.1622, -6.80423]
						},
						"0.0833": {
							"vector": [-47.06283, -7.35559, -6.79333]
						},
						"0.1667": {
							"vector": [27.29887, 3.45533, -6.66067]
						},
						"0.25": {
							"vector": [54.76837, 6.13784, -4.31837]
						},
						"0.3333": {
							"vector": [-24.81197, -3.1622, -6.80423]
						}
					}
				}
			}
		},
		"animation.entity_le_giant.idle": {
			"loop": true,
			"animation_length": 0.5,
			"bones": {
				"Head": {
					"rotation": {
						"0.0": {
							"vector": [0, 0, 0]
						},
						"0.25": {
							"vector": [5, 0, 0]
						},
						"0.5": {
							"vector": [0, 0, 0]
						}
					}
				},
				"Body": {
					"rotation": {
						"0.0": {
							"vector": [0, 0, 0]
						},
						"0.25": {
							"vector": [-2.5, 0, 0]
						},
						"0.5": {
							"vector": [0, 0, 0]
						}
					}
				},
				"bone3": {
					"rotation": {
						"0.0": {
							"vector": [0, 0, 5]
						},
						"0.25": {
							"vector": [0, 0, 0]
						},
						"0.5": {
							"vector": [0, 0, 5]
						}
					}
				},
				"bone4": {
					"rotation": {
						"0.0": {
							"vector": [0, 0, -5]
						},
						"0.25": {
							"vector": [0, 0, 0]
						},
						"0.5": {
							"vector": [0, 0, -5]
						}
					}
				}
			}
		}
	},
	"geckolib_format_version": 2
}