{
	"format_version": "1.8.0",
	"animations": {
		"animation.entity_the_crunch.run": {
			"loop": true,
			"animation_length": 0.5,
			"bones": {
				"LeftLeg": {
					"rotation": {
						"0.0": {
							"vector": [18.93861, -7.41889, -3.99644]
						},
						"0.125": {
							"vector": [43.62097, -17.02386, -16.87668]
						},
						"0.2917": {
							"vector": [-46.22558, -0.32034, -1.56845]
						},
						"0.5": {
							"vector": [18.93861, -7.41889, -3.99644]
						}
					},
					"position": {
						"0.0": {
							"vector": [0, 0.5, 1]
						},
						"0.0833": {
							"vector": [0, 1, 1]
						},
						"0.2083": {
							"vector": [0, 1, -2]
						},
						"0.2917": {
							"vector": [0, 0, -2]
						},
						"0.4167": {
							"vector": [0, 0, 1]
						},
						"0.5": {
							"vector": [0, 0.5, 1]
						}
					}
				},
				"RightLeg": {
					"rotation": {
						"0.0": {
							"vector": [-7.88056, 2.53203, 1.01463]
						},
						"0.125": {
							"vector": [-47.88056, 2.53203, 1.01463]
						},
						"0.2917": {
							"vector": [51.1146, 12.13335, 12.64882]
						},
						"0.5": {
							"vector": [-7.88056, 2.53203, 1.01463]
						}
					},
					"position": {
						"0.0": {
							"vector": [0, 0.5, -2]
						},
						"0.0833": {
							"vector": [0, 0, -3]
						},
						"0.2083": {
							"vector": [0, 0, 1]
						},
						"0.2917": {
							"vector": [0, 1, 1]
						},
						"0.4167": {
							"vector": [0, 1, -3]
						},
						"0.5": {
							"vector": [0, 0.5, -3]
						}
					}
				},
				"Body": {
					"position": {
						"0.0": {
							"vector": [0, 0.5, 0]
						},
						"0.0833": {
							"vector": [0, -1, 0]
						},
						"0.2083": {
							"vector": [0, 0, 0]
						},
						"0.3333": {
							"vector": [0, -1, 0]
						},
						"0.5": {
							"vector": [0, 0.5, 0]
						}
					}
				},
				"Head": {
					"position": {
						"0.0": {
							"vector": [0, -2, 0]
						},
						"0.125": {
							"vector": [0, 0, 0]
						},
						"0.25": {
							"vector": [0, 0, 0]
						},
						"0.375": {
							"vector": [0, -2, 0]
						},
						"0.5": {
							"vector": [0, -2, 0]
						}
					}
				},
				"LeftArm": {
					"rotation": {
						"0.0": {
							"vector": [-40, 0, 0]
						},
						"0.125": {
							"vector": [-56.87402, -10.51794, -6.79286]
						},
						"0.2917": {
							"vector": [37.5, 0, 0]
						},
						"0.375": {
							"vector": [77.5, 0, 0]
						},
						"0.5": {
							"vector": [-40, 0, 0]
						}
					}
				},
				"RightArm": {
					"rotation": {
						"0.0": {
							"vector": [42.5, 0, 0]
						},
						"0.125": {
							"vector": [65, 0, 0]
						},
						"0.25": {
							"vector": [-42.5, 0, 0]
						},
						"0.375": {
							"vector": [-60.12771, 22.01609, 12.15123]
						},
						"0.5": {
							"vector": [42.5, 0, 0]
						}
					}
				},
				"Ear2": {
					"rotation": {
						"0.0": {
							"vector": [0, 0, 0]
						},
						"0.125": {
							"vector": [0, 0, -12.5]
						},
						"0.25": {
							"vector": [0, 0, -27.5]
						},
						"0.375": {
							"vector": [0, 0, 30]
						},
						"0.5": {
							"vector": [0, 0, 0]
						}
					}
				},
				"Ear": {
					"rotation": {
						"0.0": {
							"vector": [0, 0, 0]
						},
						"0.125": {
							"vector": [0, 0, 25]
						},
						"0.25": {
							"vector": [0, 0, 40]
						},
						"0.375": {
							"vector": [0, 0, -40]
						},
						"0.5": {
							"vector": [0, 0, 0]
						}
					}
				},
				"Body2": {
					"rotation": {
						"0.0": {
							"vector": [2.5, 0, 0]
						},
						"0.25": {
							"vector": [-2.5, 0, 0]
						},
						"0.5": {
							"vector": [2.5, 0, 0]
						}
					}
				}
			}
		},
		"animation.entity_the_crunch.idle": {
			"loop": true,
			"animation_length": 6,
			"bones": {
				"Body": {
					"rotation": {
						"0.0": {
							"vector": [5, 0, 0]
						},
						"1.0": {
							"vector": [2.5, 0, 0]
						},
						"2.0": {
							"vector": [5, 0, 0]
						},
						"3.0": {
							"vector": [2.5, 0, 0]
						},
						"4.0": {
							"vector": [5, 0, 0]
						},
						"5.0": {
							"vector": [2.5, 0, 0]
						},
						"6.0": {
							"vector": [5, 0, 0]
						}
					}
				},
				"Head": {
					"rotation": {
						"0.0": {
							"vector": [-7.5, 0, 0]
						},
						"1.0": {
							"vector": [0, 0, 0]
						},
						"2.0": {
							"vector": [-7.5, 0, 0]
						},
						"3.0": {
							"vector": [0, 0, 0]
						},
						"4.0": {
							"vector": [-7.5, 0, 0]
						},
						"5.0": {
							"vector": [0, 0, 0]
						},
						"6.0": {
							"vector": [-7.5, 0, 0]
						}
					}
				},
				"LeftArm": {
					"rotation": {
						"0.0": {
							"vector": [0, 17.5, -10]
						},
						"3.25": {
							"vector": [0, 17.5, -10]
						},
						"3.3333": {
							"vector": [-77.5, 0, 0]
						},
						"3.375": {
							"vector": [-30.48811, 75.4534, 58.68934]
						},
						"3.5": {
							"vector": [-15.48811, 75.4534, 58.68934]
						},
						"3.625": {
							"vector": [-12.98811, 75.4534, 58.68934]
						},
						"3.7083": {
							"vector": [-42.98811, 75.4534, 58.68934]
						},
						"3.8333": {
							"vector": [-7.98811, 75.4534, 58.68934]
						},
						"3.9167": {
							"vector": [-77.5, 0, 0]
						},
						"4.0": {
							"vector": [0, 17.5, -10]
						},
						"6.0": {
							"vector": [0, 17.5, -10]
						}
					},
					"position": {
						"3.25": {
							"vector": [0, 0, 0]
						},
						"3.3333": {
							"vector": [0, 0, -8]
						},
						"3.5": {
							"vector": [0, -4, -8]
						},
						"3.625": {
							"vector": [0, 2.5, -8]
						},
						"3.75": {
							"vector": [0, -6, -8]
						},
						"3.8333": {
							"vector": [0, 0, -8]
						},
						"3.9167": {
							"vector": [0, 0, -8]
						},
						"4.0": {
							"vector": [0, 0, 0]
						}
					}
				},
				"RightArm": {
					"rotation": {
						"0.0": {
							"vector": [-7.91444, -21.00621, 12.93743]
						},
						"6.0": {
							"vector": [-7.91444, -21.00621, 12.93743]
						}
					}
				},
				"Body2": {
					"rotation": {
						"3.375": {
							"vector": [0, 0, 0]
						},
						"3.4167": {
							"vector": [0, -2.5, 0]
						},
						"3.5417": {
							"vector": [0, 0, 0]
						},
						"3.6667": {
							"vector": [0, -2.5, 0]
						},
						"3.7917": {
							"vector": [0, 0, 0]
						},
						"3.875": {
							"vector": [0, 0, 0]
						},
						"4.0": {
							"vector": [0, 0, 0]
						}
					}
				}
			}
		},
		"animation.entity_the_crunch.swipe": {
			"animation_length": 3.5,
			"bones": {
				"RightLeg": {
					"rotation": {
						"2.25": {
							"vector": [0, 0, 0]
						},
						"2.5": {
							"vector": [0, 0, 0]
						},
						"2.625": {
							"vector": [-37.5, 0, 0]
						},
						"2.9167": {
							"vector": [-37.5, 0, 0]
						},
						"3.0": {
							"vector": [5, 0, 0]
						},
						"3.0833": {
							"vector": [0, 0, 0]
						},
						"3.5": {
							"vector": [0, 0, 0]
						}
					},
					"position": {
						"2.25": {
							"vector": [0, 0, 0]
						},
						"2.5": {
							"vector": [0, 4, 0]
						},
						"2.625": {
							"vector": [0, 7, 0]
						},
						"2.6667": {
							"vector": [0, 8, 0]
						},
						"2.7083": {
							"vector": [0, 7, 0]
						},
						"2.75": {
							"vector": [0, 8, 0]
						},
						"2.7917": {
							"vector": [0, 7, 0]
						},
						"2.8333": {
							"vector": [0, 8, 0]
						},
						"2.875": {
							"vector": [0, 7, 0]
						},
						"2.9167": {
							"vector": [0, 8, 0]
						},
						"2.9583": {
							"vector": [0, 9, -1]
						},
						"3.0": {
							"vector": [0, 0, -2]
						},
						"3.0417": {
							"vector": [0, 1, -2]
						},
						"3.0833": {
							"vector": [0, 0, -2]
						},
						"3.5": {
							"vector": [0, 0, 0]
						}
					}
				},
				"Body": {
					"rotation": {
						"0.0": {
							"vector": [0, 0, 0]
						},
						"0.25": {
							"vector": [0, 37.5, 0]
						},
						"0.5": {
							"vector": [2.5, 40, 0]
						},